memory_mb,runtime,package_mb,idle_min,cost_overhead_usd
128,node,67.5,49.8,1.8653307858228113e-06
2048,python,96.1,35.6,1.551910114634758e-05
1024,python,37.7,14.7,5.743930138335618e-06
512,python,43.1,44.7,4.059667674208118e-06
512,node,81.4,5.1,4.615410039741045e-06
3008,python,51.1,46.5,1.6097670942154074e-05
128,java,73.9,35.4,4.460826432173301e-06
2048,node,46.5,6.6,1.1138299112979906e-05
256,java,22.3,4.8,6.1314933170133965e-06
128,java,74.8,45.1,4.831186570343352e-06
1024,node,14.0,17.6,4.116462058339257e-06
3008,python,20.7,53.4,1.4238106631135852e-05
2048,java,63.1,45.7,3.128625284662254e-05
2048,python,75.0,41.9,1.2721830056395284e-05
2048,python,89.6,16.7,1.627027056382947e-05
2048,java,28.0,42.5,2.8221956893079408e-05
1024,node,12.0,56.9,5.851263789104476e-06
128,python,95.6,5.5,2.0025458670790662e-06
3008,node,16.3,19.6,9.625052392976075e-06
512,node,20.6,14.1,2.5459450847673976e-06
1024,java,29.8,23.6,1.7905990797134304e-05
512,java,53.4,44.5,1.1690719833346211e-05
256,python,88.4,28.5,3.6160217189009898e-06
3008,python,76.3,34.2,2.0714506161304566e-05
2048,node,71.1,18.8,1.3208614567795874e-05
1024,python,18.3,8.5,5.805984347554198e-06
512,python,36.4,16.0,3.3485828042658217e-06
2048,python,48.4,51.6,1.2038425652857405e-05
1024,python,15.6,36.1,5.1808021838931755e-06
512,java,28.1,22.7,1.074513136988609e-05
512,python,31.5,47.4,4.334586807424437e-06
256,python,13.6,3.9,1.5219195383078687e-06
128,java,55.5,15.2,4.205349898805084e-06
1024,python,70.8,13.8,7.055650191340407e-06
3008,java,7.9,59.1,3.580105014187813e-05
128,python,48.6,42.4,1.5287291487731549e-06
3008,python,78.4,37.1,1.9917047937163593e-05
2048,python,75.1,0.3,1.3286315732961936e-05
256,java,81.7,11.1,7.818476717448456e-06
1024,node,45.4,38.1,7.120699508022883e-06
128,node,82.2,22.8,1.8037259693067785e-06
2048,python,24.8,55.5,1.1924205816482827e-05
2048,python,36.7,45.9,1.0101173708534814e-05
512,node,18.5,26.8,2.638176097738612e-06
128,python,47.3,45.0,1.8373981662256867e-06
3008,node,39.8,58.5,1.137107310347611e-05
512,java,24.9,27.7,1.0408907687505073e-05
3008,java,75.4,38.6,4.051284003112668e-05
2048,node,32.1,55.1,1.0368276069459456e-05
2048,python,28.0,14.9,8.482481137253026e-06
2048,python,14.0,53.2,1.0522332962386109e-05
256,java,44.4,5.9,6.5863205722459526e-06
512,node,31.0,38.9,4.179286751785879e-06
512,node,37.6,47.0,3.933502460924116e-06
512,node,24.4,36.9,3.053860179298317e-06
128,python,76.6,29.7,1.9997264866637137e-06
1024,java,93.1,37.0,1.968341898804247e-05
128,java,50.3,9.1,4.201693048940515e-06
2048,java,64.7,12.9,3.0783504277869984e-05
2048,java,86.9,16.2,3.475388432313442e-05
3008,python,99.9,35.9,2.0502030486492262e-05
2048,python,61.7,26.5,1.2570272914906145e-05
512,python,89.1,14.7,5.296362940862088e-06
3008,java,91.0,53.0,4.4676410950199906e-05
512,node,79.4,22.4,4.99621643707876e-06
256,node,46.6,26.8,2.386655136268918e-06
3008,java,9.0,24.6,3.5698381296221515e-05
512,node,2.6,10.9,2.045652470676737e-06
128,java,48.2,43.9,4.470877481857155e-06
512,java,49.9,26.9,1.1405678852841013e-05
2048,python,41.3,1.0,1.015232435129398e-05
256,node,57.2,57.8,2.8161405165643883e-06
512,java,55.7,48.9,1.269597396471333e-05
128,java,83.8,43.4,4.6026378950289615e-06
2048,python,11.8,52.1,1.0164188209457777e-05
512,python,23.3,54.4,3.811237343198832e-06
256,node,79.5,20.2,3.4123987845636568e-06
256,java,84.9,36.7,7.864480918365332e-06
1024,python,99.5,36.5,9.602044189387562e-06
2048,node,87.4,16.0,1.3722101348274975e-05
3008,python,89.1,13.3,1.9403698295476856e-05
512,python,32.1,6.8,3.4466777693205635e-06
128,node,40.8,39.6,1.6015479247678303e-06
2048,node,27.5,46.9,9.976542527612752e-06
1024,node,61.0,45.7,7.669759305741349e-06
2048,python,93.9,19.0,1.5124526872930853e-05
128,java,35.1,12.3,4.047326028922718e-06
256,python,56.1,27.2,2.9583708490592253e-06
2048,java,30.3,32.8,2.822793732514826e-05
2048,python,17.8,55.1,9.760796924553698e-06
512,java,20.3,52.5,1.1361996342403643e-05
2048,node,6.7,55.0,7.056814723556065e-06
3008,node,95.0,51.0,2.0501680969545776e-05
512,python,40.9,57.9,4.582512547347077e-06
3008,java,83.6,27.9,4.4754962086299895e-05
256,python,68.5,2.8,2.6745388071548845e-06
256,node,20.0,5.0,1.503787331368635e-06
2048,java,18.4,23.4,2.576048512367074e-05
1024,java,81.4,15.5,1.9671554944718303e-05
128,java,27.2,10.2,3.662130733954208e-06
2048,python,91.4,57.2,1.599850444989211e-05
256,java,14.9,11.7,5.532942307899012e-06
2048,java,68.1,57.6,3.249667097370018e-05
128,python,81.6,45.7,2.112412853494878e-06
2048,python,24.3,38.5,8.692038255398341e-06
2048,java,28.3,40.6,2.949293454841753e-05
2048,python,96.5,19.9,1.3997522704610931e-05
1024,node,27.2,38.8,6.1940402182920446e-06
512,python,43.6,11.2,3.7904745093121144e-06
2048,python,43.8,56.3,1.4347478365657497e-05
256,java,26.1,18.1,6.538402214312871e-06
2048,python,77.8,15.3,1.2618496822986751e-05
1024,java,77.4,42.7,1.9326048730155505e-05
512,java,38.5,39.4,1.127178412883818e-05
1024,python,83.7,27.1,8.852586661362392e-06
1024,python,22.1,37.9,6.107174153620876e-06
128,java,1.4,9.6,3.7691604897465426e-06
128,node,57.5,40.4,1.5678433920361337e-06
256,python,99.4,16.2,3.6392920905328963e-06
128,java,4.8,16.4,3.7990757774363713e-06
512,python,21.6,9.7,3.711254517552806e-06
2048,python,52.4,19.9,1.1659827525709085e-05
1024,java,81.2,19.9,1.9363518042259295e-05
512,python,9.8,27.3,2.572778596104546e-06
3008,node,40.1,11.4,1.0463027084653178e-05
1024,java,75.0,11.6,1.9249814501291247e-05
128,node,37.8,32.5,1.386293537581599e-06
2048,node,19.7,7.7,7.4099353100156375e-06
1024,node,20.4,41.3,6.077231085123596e-06
1024,python,41.6,56.6,6.870793852875156e-06
1024,node,48.5,25.6,6.239200229672798e-06
1024,java,86.3,54.1,2.079348823374939e-05
128,python,64.6,5.9,1.6500374057233699e-06
1024,java,69.3,2.6,1.9486283164355194e-05
2048,node,98.3,43.3,1.614257019599056e-05
256,node,41.8,45.7,2.5603963413234178e-06
1024,python,40.9,50.6,8.67403019177656e-06
128,node,92.4,3.4,1.6421095845441394e-06
512,python,25.3,46.6,4.0590669650272306e-06
512,python,73.3,22.6,5.317498721048998e-06
3008,java,75.7,18.2,3.961033322126237e-05
256,python,10.7,10.4,1.9555547096661566e-06
256,node,47.4,59.8,2.4468946429522553e-06
512,node,20.9,3.8,3.035998651381892e-06
3008,python,19.4,49.6,1.5052866837232527e-05
3008,python,46.9,38.4,1.6271984985348625e-05
128,node,29.7,44.1,1.0924514459185093e-06
256,node,79.8,42.7,2.9355241622136732e-06
2048,java,90.9,51.5,3.4450567226942165e-05
128,java,80.5,11.0,4.5049926200917845e-06
3008,python,27.3,0.0,7.948997297974291e-06
256,python,28.1,35.9,2.766180020063774e-06
3008,python,26.2,21.2,1.2968121617423536e-05
256,node,14.4,7.4,1.3987830168185255e-06
512,python,94.4,11.2,6.051690433731115e-06
1024,python,40.8,19.9,6.252746399762851e-06
128,java,23.2,4.2,3.6874925174739888e-06
1024,java,84.8,3.4,1.9565332401137715e-05
1024,java,40.5,55.0,1.9587454278063135e-05
2048,python,4.5,18.7,9.651267999684227e-06
3008,node,17.0,58.9,1.2539994678759397e-05
1024,node,64.3,57.9,8.302446741352463e-06
512,python,78.5,8.6,5.437711454468693e-06
512,node,21.9,42.9,2.869714659143368e-06
512,node,91.8,36.0,5.697182064552735e-06
2048,node,85.2,41.4,1.3227325034511906e-05
256,java,85.0,5.8,7.429333691723566e-06
256,java,23.5,11.3,6.179633404478568e-06
512,node,6.0,4.6,2.513129870438958e-06
128,java,86.9,36.2,4.741842572044603e-06
128,java,31.3,59.2,3.730952353211374e-06
128,node,62.3,40.3,1.766749873209386e-06
2048,python,76.2,42.6,1.5388553697733953e-05
2048,java,13.7,59.1,2.836263477571755e-05
2048,java,78.3,40.7,3.226886475308944e-05
512,java,93.9,2.4,1.2835123870966922e-05
2048,python,73.1,52.0,1.5157006430390087e-05
128,node,44.7,21.9,1.494298611205641e-06
3008,java,87.8,0.3,4.271868234651748e-05
1024,node,53.2,30.4,6.996842528655202e-06
3008,java,74.7,56.2,4.155151255680705e-05
128,python,82.2,15.4,1.641816850052277e-06
512,python,75.2,29.5,5.137054207566534e-06
2048,java,29.5,10.4,2.8011138716385905e-05
512,node,12.7,3.5,2.350137561162767e-06
512,node,24.6,4.8,3.2120901385447825e-06
128,node,50.8,43.6,1.647327331505618e-06
512,node,51.0,51.8,4.948765083933769e-06
256,java,58.7,8.6,6.802635439996385e-06
256,python,40.1,17.3,2.6209223941630232e-06
2048,java,78.9,11.7,3.179960398955652e-05
1024,java,91.4,1.6,2.0611503867621075e-05
1024,node,25.4,33.2,4.297019792686737e-06
512,node,73.9,42.0,4.785099176973147e-06
3008,python,68.1,38.9,1.9369103718416133e-05
128,java,52.8,23.3,4.490691158737221e-06
512,node,19.7,33.3,3.2681538873100535e-06
128,python,79.7,5.6,1.8891808013195764e-06
512,node,96.1,9.3,5.4629893327968495e-06
3008,java,72.5,55.9,4.3797654117325274e-05
512,python,91.9,45.7,5.948015781619728e-06
3008,python,98.4,55.4,2.2733832280785682e-05
512,java,35.9,55.0,1.1668003340823851e-05
2048,python,64.2,39.0,1.56119579331168e-05
512,java,47.9,55.7,1.1870345750653212e-05
256,java,98.7,25.0,7.801520321024958e-06
2048,java,10.3,0.2,2.5153432494624957e-05
3008,java,41.8,3.8,3.732746714694364e-05
256,python,87.7,6.6,3.2730830570200877e-06
2048,python,29.1,5.7,9.571890272795126e-06
256,node,79.0,21.1,2.6923767715458767e-06
2048,node,38.9,42.1,1.1687882118255987e-05
2048,java,98.0,47.4,3.302095881536118e-05
512,java,88.5,35.4,1.2324222265206561e-05
2048,node,30.8,8.8,8.381788200870516e-06
256,java,77.2,44.9,8.075614913369365e-06
128,node,34.3,21.3,1.2365481687884148e-06
128,node,61.0,0.8,1.3902939850928561e-06
512,node,66.2,16.8,4.122178163134265e-06
3008,node,83.1,19.8,1.9329859847656547e-05
128,python,3.4,16.5,6.704248810482792e-07
512,java,22.8,48.7,1.0273363449552875e-05
2048,node,71.5,45.6,1.6030767570016113e-05
256,java,56.8,41.7,7.304513996067518e-06
2048,node,50.1,8.3,8.622503333695373e-06
256,java,6.5,48.5,6.255031784286453e-06
2048,java,35.5,40.6,2.897261239611066e-05
1024,node,86.6,11.7,8.52193655212255e-06
1024,node,4.1,38.9,5.734739910089224e-06
256,python,40.2,29.0,2.714399139098059e-06
512,java,94.6,26.4,1.2328489514604129e-05
3008,java,6.0,6.7,3.400660747687467e-05
128,java,75.2,31.1,4.448943012731206e-06
2048,java,26.5,6.0,2.5644790165686737e-05
512,java,86.8,9.9,1.1334443657525855e-05
2048,java,74.9,8.0,2.907615490182746e-05
1024,node,88.7,57.2,8.60112344581688e-06
512,python,22.4,17.1,3.0332985866226717e-06
256,python,53.6,21.3,2.875394590072766e-06
1024,python,78.1,19.3,7.75758809473512e-06
128,node,25.3,53.9,8.983131769794404e-07
1024,java,23.8,33.8,1.6340734576419206e-05
128,node,3.7,55.1,1.0688034758122983e-06
1024,python,95.9,18.0,9.007589753815831e-06
1024,python,71.3,6.9,8.916536520495141e-06
128,java,63.9,33.4,4.343585877083795e-06
2048,java,74.7,20.7,3.2227578073718845e-05
512,node,53.6,48.1,4.435220448117296e-06
2048,java,48.1,52.8,3.0374717328416306e-05
128,java,45.5,28.4,4.065028695608304e-06
256,java,64.4,58.3,7.441434536834125e-06
512,java,21.0,33.2,1.007512342262115e-05
256,node,88.9,16.3,3.144721807548591e-06
256,node,81.4,29.3,3.0229023178315235e-06
1024,node,35.6,2.2,4.539895772937613e-06
128,python,58.3,48.2,2.087210014123816e-06
2048,node,15.0,6.1,7.339740734994914e-06
128,node,97.3,18.5,1.950243805689225e-06
256,node,90.4,33.9,3.3336821423042226e-06
1024,node,92.3,2.6,7.955322908587411e-06
2048,node,33.9,4.8,7.420950616011758e-06
256,node,17.7,41.8,2.0127703431672095e-06
256,python,22.0,4.3,1.8789605411181993e-06
3008,node,9.9,28.6,8.322669253301887e-06
3008,node,12.9,20.3,7.237441685036142e-06
1024,java,8.1,13.7,1.550603599913383e-05
512,node,99.0,11.3,5.505754270933152e-06
512,node,8.3,45.8,2.7281781221970097e-06
1024,python,14.1,57.1,7.980551679611671e-06
1024,python,82.9,8.4,9.112321855188226e-06
256,node,58.4,57.6,3.2453821292076922e-06
128,node,77.7,35.7,2.0151230272062586e-06
128,node,63.5,38.5,2.0303029065592357e-06
3008,node,88.3,42.6,1.7626121305702496e-05
512,java,64.2,42.2,1.08091213633238e-05
512,python,52.7,49.2,4.760528234969795e-06
512,python,71.6,29.0,5.4429781117032645e-06
2048,python,45.3,32.0,1.1911396533095523e-05
128,python,35.3,19.4,1.539290934573691e-06
128,java,47.3,6.3,4.292747056347278e-06
256,python,17.8,39.9,2.3904477526300147e-06
512,node,79.9,2.0,4.868808526934218e-06
2048,python,26.8,16.5,8.600515635271527e-06
512,java,16.2,5.7,9.369682380728572e-06
512,java,25.4,11.4,1.0853550955226587e-05
3008,python,84.4,38.3,2.0007270038416897e-05
128,python,33.7,37.7,1.4878154952108656e-06
1024,python,68.9,25.3,7.829948554382152e-06
1024,node,85.8,5.4,7.325084872195087e-06
512,java,8.7,26.0,9.61049110052255e-06
2048,node,76.7,21.2,1.1117953656686774e-05
256,java,31.5,43.2,6.310453196397865e-06
3008,node,22.4,34.7,1.1043327574958606e-05
256,python,69.2,29.5,3.0196141555100448e-06
1024,node,91.1,29.2,9.355424640427724e-06
1024,python,30.2,58.0,7.321856159877962e-06
3008,java,57.3,45.4,4.0772478904799364e-05
512,python,29.7,29.8,3.6327458651718437e-06
256,node,55.9,28.8,2.563534771807671e-06
128,node,62.6,1.6,1.5726154264374928e-06
512,python,61.4,56.6,5.619603501137719e-06
2048,node,62.7,19.2,1.1186450536868124e-05
128,node,14.4,15.4,1.2025192989290374e-06
3008,python,69.7,60.0,1.946267506988622e-05
1024,python,67.8,43.1,9.163298510244377e-06
128,python,68.6,2.8,1.7121085586199544e-06
256,python,8.3,3.7,1.3140348690122898e-06
1024,node,45.2,1.5,5.8123555659239165e-06
256,python,41.5,36.0,2.8891011116652066e-06
128,java,9.6,4.3,3.7251728048185014e-06
1024,python,23.0,56.0,6.998942217171341e-06
2048,node,44.7,56.2,1.0947668307985375e-05
128,java,74.5,32.8,4.4339301124121366e-06
256,node,24.5,37.0,2.216576160289894e-06
256,java,83.1,17.5,7.532899777020397e-06
1024,python,55.0,3.8,6.640407548248739e-06
2048,python,76.3,44.2,1.5963327045719834e-05
2048,python,47.8,6.1,9.94186048543794e-06
3008,python,50.4,5.1,1.3664495778110653e-05
2048,python,62.4,18.7,1.4364001554561804e-05
256,python,92.9,0.7,3.5649248598434797e-06
128,java,49.7,26.0,4.174596883185562e-06
1024,python,53.3,42.5,8.086646158445159e-06
3008,java,60.6,48.1,4.110852323367097e-05
3008,java,74.0,36.3,3.77952990721682e-05
256,java,8.1,50.8,6.090030423882506e-06
256,python,52.1,24.4,2.783306442743972e-06
128,java,48.7,50.9,4.308124126499671e-06
128,node,92.2,30.4,2.0690325578514725e-06
1024,java,49.9,13.4,1.8580437134589226e-05
1024,node,47.4,56.6,6.9033950670542066e-06
512,java,96.3,16.5,1.2016143125364301e-05
256,node,45.6,1.6,2.2241505783984544e-06
2048,python,18.9,14.6,8.542161637196548e-06
512,node,22.5,22.0,3.018191745162167e-06
2048,python,10.4,21.1,8.155604947542012e-06
3008,java,1.1,31.5,3.685475212644413e-05
256,python,43.8,53.0,2.3439410601012408e-06
256,python,77.2,17.5,3.108754353457369e-06
3008,node,73.6,31.2,1.6568100246936926e-05
1024,node,4.2,20.4,3.5319251508044826e-06
256,python,57.4,49.3,3.3613452353830742e-06
1024,java,16.3,9.5,1.659230871109357e-05
1024,java,94.2,6.2,1.9831796263237844e-05
3008,java,17.6,30.2,3.4979797648786484e-05
256,node,63.0,40.3,2.8110501370669884e-06
3008,node,33.3,47.7,1.3015276493179758e-05
3008,node,64.5,35.4,1.5714598957265857e-05
256,node,41.8,46.4,2.447680745086047e-06
128,python,76.2,23.6,2.037343286692767e-06
1024,python,23.8,2.0,5.909983038933615e-06
128,python,90.7,7.0,1.8787384318780895e-06
256,node,50.5,2.3,1.9768819842687084e-06
512,python,75.9,19.7,4.485723368780808e-06
3008,python,85.1,29.7,2.0716089913150567e-05
3008,java,99.9,21.4,4.400100182111326e-05
128,node,23.2,33.6,1.3224856134815141e-06
3008,node,29.4,28.8,9.719218473314975e-06
128,node,25.8,40.7,1.5931236005453205e-06
2048,java,27.0,40.0,2.7528516463112512e-05
3008,java,58.7,19.1,3.9380489810969906e-05
3008,python,99.4,20.8,2.1736299192958037e-05
256,java,99.0,35.1,7.643626816574039e-06
3008,node,53.2,35.8,1.386497574188849e-05
128,java,64.3,18.9,4.386356043903212e-06
1024,node,86.1,19.8,1.0040666484922031e-05
512,python,93.4,41.6,6.202828598949856e-06
256,java,21.2,38.8,6.859060801315714e-06
128,python,53.3,8.1,1.8285865626883126e-06
2048,java,83.5,26.5,3.261922192987174e-05
512,python,31.0,53.6,3.9378923591004055e-06
1024,python,44.5,2.2,7.154696657678542e-06
512,node,98.6,51.3,5.260791232161243e-06
512,java,98.5,9.8,1.3073547728567325e-05
3008,node,90.7,30.4,1.863060192893957e-05
128,python,80.0,25.5,1.6418322626323595e-06
2048,python,27.6,0.6,8.670084848140612e-06
2048,java,32.8,54.9,2.9967736003663193e-05
512,java,55.2,27.3,1.1254788929198192e-05
256,python,56.5,57.3,3.3726987746946156e-06
128,node,51.0,17.2,1.3410055998566078e-06
3008,python,64.0,52.0,1.6577145796959043e-05
3008,python,41.4,55.3,1.6102760911465593e-05
256,java,75.2,33.4,7.432597997605438e-06
128,node,34.0,12.2,1.1910576973536855e-06
128,python,33.7,41.1,1.7959948430745271e-06
128,node,13.6,32.9,9.959596679032744e-07
2048,node,19.7,56.7,9.654500584905814e-06
3008,python,85.2,26.4,1.941342342902063e-05
128,node,45.2,16.1,1.1563545921959425e-06
2048,python,23.6,8.3,7.590821273758663e-06
256,python,76.2,41.9,3.422228139431478e-06
512,java,55.8,58.4,1.266491317294162e-05
1024,java,3.1,1.7,1.5583448953837183e-05
2048,python,32.3,44.4,9.329388363280454e-06
3008,java,18.5,55.6,3.240804294334554e-05
128,node,65.9,4.5,1.6866421417828771e-06
256,java,28.2,6.6,6.2570861785085775e-06
256,java,7.4,41.5,6.5063272394147015e-06
256,node,6.4,38.9,1.5309000273394963e-06
3008,node,58.6,4.1,1.4031463390915693e-05
2048,node,3.2,50.1,8.620637457346942e-06
256,java,85.0,31.4,7.479450087111244e-06
3008,python,16.4,54.4,1.2889789673125831e-05
512,python,61.1,52.7,5.26499852702025e-06
1024,python,45.0,48.8,7.998434286771906e-06
512,python,44.8,31.0,4.415553845362494e-06
128,python,8.1,15.1,1.3060060659838029e-06
3008,python,80.5,30.4,1.8372332713207848e-05
128,java,89.4,6.0,4.3703889371152605e-06
256,python,2.1,39.5,2.4923932144984588e-06
256,java,18.7,8.0,5.961312803183208e-06
256,python,90.5,30.7,3.440225154873553e-06
128,java,55.4,3.3,4.15380061686488e-06
128,python,15.9,18.0,1.2720574399125966e-06
2048,node,21.1,13.9,7.273698481157943e-06
3008,python,66.3,37.2,1.786361139075413e-05
128,node,72.8,47.2,1.895191719823342e-06
256,node,60.3,3.4,2.483126375416596e-06
1024,node,95.4,51.0,7.80520064601194e-06
3008,node,49.9,51.6,1.780406751721028e-05
2048,node,30.7,20.5,8.585347443149426e-06
2048,java,48.2,39.5,3.052107960977532e-05
1024,node,36.6,24.2,4.848876504582497e-06
512,node,23.2,9.3,2.7155887713828516e-06
256,python,5.6,31.7,1.8146830875491189e-06
3008,node,35.9,5.2,1.3258710093992811e-05
2048,python,71.4,52.7,1.4076863774967202e-05
128,python,2.8,55.5,1.4461469014198478e-06
2048,java,44.5,49.3,2.9278085594010968e-05
128,python,64.8,33.8,1.8536042354328086e-06
2048,node,61.4,33.5,1.1497506756554007e-05
2048,java,77.9,59.1,3.4483785651973236e-05
128,java,81.2,14.9,4.239249323176659e-06
512,python,71.5,4.6,4.2945013005625554e-06
128,python,11.2,33.7,9.960667748137912e-07
1024,node,48.0,19.7,5.502882420438602e-06
3008,node,60.7,19.3,1.3421344090320079e-05
128,java,25.3,0.4,3.5454995897756974e-06
512,python,5.2,35.8,2.9745896308782628e-06
3008,python,23.1,15.8,9.30458620232794e-06
256,python,46.0,11.3,2.300681459288367e-06
128,java,42.0,2.4,4.18929927605268e-06
512,python,18.5,21.9,3.636050285912788e-06
1024,node,82.6,52.7,8.907639841555381e-06
1024,python,92.6,20.2,8.635320121395803e-06
256,python,20.9,40.7,1.973427326606322e-06
3008,java,93.0,45.4,4.2579079620428435e-05
1024,python,2.8,19.7,4.768432613951256e-06
256,python,92.6,49.3,4.019111084996167e-06
3008,java,95.2,41.5,4.550179026892421e-05
3008,node,2.2,33.6,9.997517464230276e-06
512,python,76.5,0.1,4.618891459228149e-06
128,node,97.0,2.1,1.9255119247651584e-06
1024,java,90.7,59.5,2.0806328008521725e-05
1024,node,97.1,46.9,9.227666462809441e-06
128,node,55.5,56.3,2.0694404865363973e-06
1024,node,8.7,54.1,3.949002106462389e-06
3008,node,85.1,1.2,1.5869278939446275e-05
128,python,61.8,47.5,2.1578110713699937e-06
2048,java,61.9,27.1,2.8903904196792276e-05
128,java,42.3,47.4,4.1684679856435335e-06
2048,python,57.6,0.4,1.0891783501002961e-05
512,java,16.2,17.3,9.906829024505713e-06
128,java,74.2,45.1,4.379403405075413e-06
3008,java,8.4,47.6,3.616026351010758e-05
128,node,73.2,37.2,1.9522615051772573e-06
1024,node,85.0,18.1,8.37659444599644e-06
256,java,47.8,18.6,6.545640663341393e-06
3008,python,51.5,58.0,1.7536453273043312e-05
2048,java,31.9,26.4,2.705561625787019e-05
2048,java,97.0,26.8,3.297390230287176e-05
512,java,73.6,33.1,1.2892022565512577e-05
512,node,37.5,24.6,3.6244207453442987e-06
1024,node,18.3,33.2,4.285961429997097e-06
2048,python,22.7,25.9,9.864520232500837e-06
3008,java,46.9,49.6,3.7600842591815804e-05
128,node,94.3,54.5,2.0091233620147487e-06
1024,python,73.7,55.9,8.554791486822483e-06
128,java,22.3,33.9,3.8874184878392285e-06
256,node,86.1,26.5,3.3823395662115668e-06
2048,node,38.4,42.3,1.0882392242947644e-05
256,python,85.3,50.3,3.8040167876678333e-06
2048,java,24.9,33.8,2.6574141157237032e-05
512,node,62.2,42.0,4.391992538155928e-06
256,java,92.7,45.0,7.935908806702973e-06
512,java,26.5,40.6,1.041690978111246e-05
1024,python,69.6,44.8,8.580293157345209e-06
2048,python,98.7,12.5,1.5775713359897612e-05
1024,java,15.9,29.9,1.631054084260114e-05
3008,node,9.8,35.3,1.0320201718290962e-05
3008,node,67.7,0.1,1.655416704330161e-05
2048,python,34.6,51.4,1.1481585584011378e-05
1024,node,8.1,36.6,5.43726633995573e-06
256,java,48.1,7.7,6.809135616516288e-06
512,python,75.6,49.0,5.0441354411188665e-06
128,node,29.2,43.0,1.1979040105221178e-06
512,java,34.2,45.5,1.0643388328614447e-05
3008,python,84.7,23.5,1.7904069437750922e-05
512,python,52.5,51.3,4.93205639561131e-06
128,java,84.4,24.8,4.724031833704931e-06
1024,python,45.2,34.2,8.118846897660884e-06
3008,node,95.3,0.0,1.7661526086043716e-05
3008,node,65.4,38.7,1.5467345382522488e-05
256,java,12.5,43.1,5.802478614573325e-06
512,python,88.6,34.0,5.845239581542766e-06
1024,node,49.4,29.8,6.567227517069968e-06
256,python,15.0,48.6,2.3700688829782506e-06
256,java,16.1,40.9,6.908663355463828e-06
256,node,69.1,16.7,3.0431108945513685e-06
3008,node,5.7,57.5,1.1863282848321204e-05
2048,node,29.4,42.4,8.482350070304577e-06
3008,python,14.8,59.3,1.285982369313685e-05
2048,java,44.7,58.3,3.025970400408099e-05
3008,node,42.0,55.1,1.3385575985699608e-05
128,python,52.7,45.3,1.928269398604832e-06
3008,node,28.7,36.6,1.2585745615865188e-05
128,java,4.2,10.3,3.438544438771855e-06
512,java,61.8,32.6,1.212933052347648e-05
1024,node,38.0,45.9,6.449522019416612e-06
512,python,65.5,31.3,4.351701959308668e-06
128,node,11.8,52.1,1.2104645989373807e-06
256,node,2.4,6.6,1.4412545909580596e-06
2048,node,25.6,22.9,9.474664750671954e-06
256,python,46.2,30.4,2.656502563746204e-06
256,node,40.0,25.9,2.4760933260646333e-06
3008,node,81.2,6.5,1.6332704641195103e-05
128,java,38.4,9.2,3.7960256583489626e-06
3008,node,53.5,50.3,1.3441253637416051e-05
3008,node,59.8,29.1,1.6575533897112413e-05
1024,node,3.2,2.9,4.3618138713073335e-06
128,python,52.0,1.0,1.634347380505214e-06
128,python,35.1,28.4,1.7799814621293292e-06
256,java,42.7,9.9,6.853444118033029e-06
1024,java,10.9,42.3,1.705989814759819e-05
128,java,78.5,47.7,4.550972221290335e-06
512,node,94.3,13.7,5.875627086046214e-06
128,python,3.2,35.5,1.2998801459525007e-06
1024,java,60.5,9.3,1.8001272293875753e-05
128,node,76.6,18.2,1.673449825488043e-06
2048,python,29.2,53.3,1.1584117742533616e-05
128,java,79.0,32.6,4.350393493902243e-06
256,java,63.6,53.2,7.569291241847499e-06
256,java,93.0,13.5,7.332866822768432e-06
2048,python,98.1,19.8,1.5944138792170775e-05
128,java,5.2,28.3,3.6431033149570522e-06
512,node,45.0,28.8,3.7732289299005565e-06
1024,node,55.2,59.9,7.08280241635419e-06
1024,java,15.5,6.9,1.5840592376502096e-05
2048,node,34.3,51.1,1.2322676690247556e-05
2048,python,98.8,51.8,1.8396607583932173e-05
512,python,2.6,33.2,3.301397094368244e-06
2048,node,45.8,20.6,9.945953832182226e-06
256,java,84.4,31.2,7.791852282738067e-06
3008,java,33.1,17.5,3.7941096441726554e-05
1024,node,48.5,47.9,6.4037976473959126e-06
2048,java,97.8,29.9,3.3443940806694056e-05
3008,java,48.0,55.6,3.7365853149444895e-05
2048,node,14.0,37.4,9.282707944834398e-06
3008,node,6.1,30.9,1.2304886938559583e-05
1024,java,94.6,42.7,2.0849846180568573e-05
128,node,27.3,30.2,9.419723889607453e-07
512,python,50.9,54.3,5.216658348930301e-06
256,java,10.0,11.1,5.749471751804516e-06
3008,node,42.9,58.4,1.3815911441252813e-05
256,node,93.1,48.7,3.646578486851794e-06
256,java,50.7,51.6,7.198814403461457e-06
256,java,97.1,29.0,7.67563242574169e-06
1024,python,26.6,50.2,6.320647614533695e-06
1024,node,50.9,18.4,6.424896948482383e-06
3008,python,86.1,45.7,1.986059267968585e-05
512,node,45.4,8.4,3.123029536784175e-06
256,node,28.7,18.4,1.896796104539869e-06
128,node,85.7,26.7,1.985715214756546e-06
128,java,39.6,19.3,4.0458016780748555e-06
512,node,53.5,23.2,3.4771282636771e-06
3008,node,97.7,49.2,2.14878873161789e-05
1024,node,19.5,15.4,2.865570920422934e-06
3008,python,30.8,44.7,1.3881243691886982e-05
128,python,4.1,4.4,9.487946687474884e-07
128,java,39.8,45.9,4.253937132090829e-06
3008,python,20.8,47.5,1.4393860968241893e-05
128,python,68.3,24.1,2.0845314995509426e-06
128,java,19.0,43.3,3.861906238765803e-06
512,python,67.8,54.9,5.737607529116925e-06
3008,node,27.1,48.0,1.279736845780695e-05
2048,java,36.2,23.4,2.6403083381841075e-05
128,node,35.5,29.1,1.6569627642231258e-06
3008,python,72.0,46.8,1.695452455855284e-05
3008,python,47.2,17.6,1.5402472996016384e-05
2048,java,36.8,48.2,2.9735363887391054e-05
3008,python,85.4,19.7,1.937525398193814e-05
256,java,57.6,48.4,7.108885409758344e-06
3008,python,22.2,5.2,1.2664869196255101e-05
256,python,90.1,2.7,2.917180257238707e-06
2048,java,34.9,59.9,2.9564009676741803e-05
1024,java,4.9,52.2,1.61712494950611e-05
2048,java,50.0,53.0,2.9843854133412404e-05
1024,java,13.3,57.1,1.7376279901684934e-05
1024,python,24.6,26.3,6.772882601399224e-06
1024,java,75.0,17.2,1.8949652876494957e-05
2048,java,13.9,7.8,2.666258430158352e-05
2048,python,80.9,30.1,1.4614098257968855e-05
128,python,93.8,13.2,2.0035233415128304e-06
2048,java,61.0,56.1,3.132651292297961e-05
1024,python,71.3,0.2,7.539307228900397e-06
256,java,71.6,8.6,6.946773641722855e-06
1024,python,99.3,14.8,9.786454693421306e-06
3008,python,34.8,11.9,1.3526613329981262e-05
3008,python,17.1,13.5,9.144479185539241e-06
3008,python,52.4,39.4,1.4180288796668876e-05
512,java,53.8,19.7,1.1365934194669895e-05
2048,java,18.6,36.9,2.649520486244833e-05
512,java,61.7,53.4,1.2078559956153259e-05
2048,java,2.4,36.2,2.6876468008930196e-05
1024,python,92.8,41.7,9.003140560386039e-06
256,java,27.2,21.9,6.050325499964682e-06
256,node,4.9,9.6,1.8700387032069405e-06
128,node,11.7,19.2,1.0810199438428767e-06
128,java,24.8,57.9,4.060139086449074e-06
512,java,28.1,37.3,1.0289879814259628e-05
512,java,4.2,16.7,9.4111220371535e-06
128,node,28.7,27.1,1.0843725665420523e-06
512,node,20.1,50.1,3.8046168429015495e-06
1024,java,38.5,40.1,1.7409039662465006e-05
256,python,39.1,33.6,2.9152021788469606e-06
512,python,34.6,53.1,4.281567707966815e-06
512,node,33.5,40.3,3.274634700506605e-06
1024,python,9.9,38.6,5.340740710456695e-06
512,python,3.5,11.4,1.7707824615878994e-06
2048,java,21.0,6.4,2.6202561633032057e-05
256,java,75.9,57.9,7.627750899519344e-06
512,node,99.1,35.9,5.993196967624603e-06
512,node,92.9,24.9,4.52171093550235e-06
256,node,50.9,35.3,2.8561189219246847e-06
2048,java,53.7,3.7,2.9764743551437016e-05
256,node,32.1,49.3,2.655691822545292e-06
256,python,77.6,13.0,3.1593233409864062e-06
2048,node,76.7,48.3,1.4704444378670099e-05
3008,node,84.6,32.1,1.5697524863754417e-05
2048,java,89.7,16.6,3.3096054770161845e-05
3008,java,44.0,1.8,3.557241788046829e-05
3008,java,76.9,49.0,4.0329828298424816e-05
512,node,80.8,10.6,4.241467339719536e-06
2048,node,31.5,3.1,8.108900130660032e-06
256,node,93.0,45.4,3.2464312251217814e-06
512,python,10.3,21.0,3.360684788038774e-06
1024,java,99.4,23.4,1.9350180442193196e-05
3008,java,77.2,14.8,3.787552514224403e-05
3008,java,10.2,51.6,3.766482408718708e-05
512,python,66.0,17.8,5.240703627838601e-06
1024,python,4.4,12.6,4.001620384670315e-06
256,java,77.2,18.6,7.322555142629111e-06
2048,node,80.1,12.2,1.3522214111200858e-05
1024,java,60.6,19.1,1.8787918231965525e-05
1024,node,85.8,5.0,7.84802770110228e-06
2048,node,10.7,9.5,7.855720180412383e-06
1024,node,28.3,25.0,4.887603801583488e-06
128,java,42.0,52.8,4.301329099062406e-06
256,node,5.2,3.4,1.3897395130610216e-06
256,java,45.4,12.8,6.595593326147077e-06
2048,python,27.3,54.5,1.0773934623986202e-05
128,node,39.9,53.4,1.5653928129923241e-06
256,java,43.1,40.8,6.8951496437219635e-06
1024,java,88.1,14.4,1.9064884779910517e-05
2048,java,27.8,25.2,2.8514070594652182e-05
1024,python,89.5,12.7,8.306619786831339e-06
3008,java,43.2,7.7,3.658171313058016e-05
3008,java,33.5,22.8,3.624120005785477e-05
128,java,50.7,34.5,4.347919762186148e-06
3008,python,42.4,21.6,1.1505773046583628e-05
1024,java,26.5,36.6,1.783420532028087e-05
1024,java,50.8,17.8,1.75313529250371e-05
128,java,16.0,20.8,3.996538937441825e-06
1024,python,35.8,47.4,6.825967307660471e-06
2048,java,57.0,52.7,3.108588944639878e-05
1024,python,41.9,19.3,8.02196200263058e-06
128,node,82.6,34.3,1.8973452963348673e-06
1024,node,26.4,16.7,5.897261196385252e-06
3008,node,97.0,3.2,1.762487361703224e-05
2048,java,78.7,44.3,3.300692604066772e-05
128,python,96.8,10.3,2.1714978430653153e-06
3008,node,84.0,25.5,1.8573495968702502e-05
3008,node,15.1,29.2,9.270459208959772e-06
256,node,53.1,11.1,2.1257913589360174e-06
2048,python,17.8,5.7,7.755687162175094e-06
512,python,82.0,20.9,5.451139891300988e-06
1024,python,58.8,57.1,8.389502421720525e-06
512,node,27.1,36.9,3.7449194383684148e-06
2048,node,93.0,22.9,1.5313887586177056e-05
3008,node,12.4,2.3,7.146512543472824e-06
2048,node,56.8,36.0,1.0698299984852515e-05
3008,python,72.4,5.5,1.4811981872761496e-05
3008,python,6.8,32.6,1.41925489362416e-05
128,node,60.2,45.1,1.7899712661492755e-06
256,java,81.8,25.4,7.595254706933156e-06
2048,python,7.7,18.0,6.671159008162062e-06
1024,java,51.7,2.8,1.7655934376831078e-05
128,node,26.6,1.5,1.1755905259061184e-06
128,python,66.6,25.8,1.8601630049000609e-06
1024,node,12.7,53.0,6.012953315528244e-06
1024,python,93.8,14.6,1.0762407691876348e-05
256,python,89.6,34.4,3.363109408009689e-06
256,node,19.4,41.1,1.7616352292820702e-06
128,node,33.0,3.6,1.0472321549096326e-06
1024,java,59.2,9.2,1.9259281646734878e-05
128,python,72.1,19.9,2.0906731242439303e-06
1024,java,44.8,40.2,1.8155971469607352e-05
512,python,16.5,26.3,3.492292457514056e-06
512,python,11.3,44.1,3.255858245463123e-06
2048,java,100.0,52.1,3.556630758250593e-05
1024,java,46.1,45.5,1.8188319909871108e-05
2048,node,87.4,59.5,1.4648760746362895e-05
2048,python,48.8,45.3,1.3226467237750602e-05
3008,python,92.3,51.1,2.1123472286338443e-05
2048,node,9.7,49.9,7.97576236575089e-06
1024,node,12.3,43.8,5.0501872112330355e-06
512,java,93.0,48.1,1.3163803432231817e-05
256,python,94.8,56.1,4.32224272833992e-06
1024,python,32.2,28.5,6.877667009546884e-06
128,java,36.2,38.3,4.268876955818766e-06
3008,python,45.8,30.9,1.5085735200766894e-05
3008,python,42.2,51.1,1.5055732308127674e-05
128,node,19.8,25.9,1.261250250475e-06
2048,node,89.9,49.2,1.490330531321387e-05
128,node,26.1,48.0,1.1401263109081235e-06
2048,java,70.8,57.7,3.210874989622376e-05
128,java,7.6,14.9,3.6622870693384723e-06
512,python,4.8,42.6,3.159498245939377e-06
1024,java,65.7,45.4,2.040920963375937e-05
2048,node,34.6,56.2,1.1023541603708734e-05
512,python,65.9,54.4,5.9938350139942845e-06
3008,java,10.3,34.4,3.51898786781508e-05
2048,python,95.0,34.7,1.598746484949427e-05
256,node,75.1,10.0,2.544521187482003e-06
2048,java,87.8,58.5,3.388385857742689e-05
2048,python,14.5,15.3,8.582965946056459e-06
512,python,32.7,43.5,3.679380027360426e-06
2048,node,37.5,47.7,9.813075524410274e-06
3008,java,54.2,26.5,3.860014691615701e-05
2048,python,30.4,12.7,1.0199651265122511e-05
2048,node,7.0,11.3,6.943899232968928e-06
1024,node,37.5,51.4,6.10649187765206e-06
256,python,26.2,30.6,2.4840371537382793e-06
2048,java,39.2,5.4,2.7574610544743076e-05
512,java,20.5,43.0,9.34895936993979e-06
1024,node,26.9,15.0,4.731851742353181e-06
256,python,63.1,52.6,3.544509763698896e-06
256,python,39.4,18.6,2.076983740201552e-06
128,node,35.2,12.0,1.2755787416330368e-06
3008,node,53.9,5.1,1.5329867328900478e-05
128,node,77.4,30.7,1.7411047210306154e-06
128,python,38.5,27.0,1.5790686951200467e-06
3008,node,59.2,45.1,1.3924263495187391e-05
1024,python,96.7,27.9,1.0781115866326352e-05
512,java,52.7,20.6,1.113816758357198e-05
2048,java,91.1,15.7,3.245290264352936e-05
512,node,79.6,16.7,5.313691422478326e-06
128,python,6.8,55.7,1.478879280880552e-06
2048,java,43.5,9.9,2.73533117997681e-05
256,python,70.1,59.3,3.3058180945126764e-06
1024,java,98.7,19.6,2.0754598861537167e-05
3008,python,46.4,5.3,1.3186408435937095e-05
3008,node,10.2,14.9,5.9619507219911295e-06
512,python,56.6,3.5,4.340248128646441e-06
2048,python,13.5,47.4,8.189784527010117e-06
1024,java,75.4,30.8,2.061641359398186e-05
512,java,51.3,20.2,1.1195027521725086e-05
128,python,72.6,39.7,1.9097535463395333e-06
512,java,87.1,37.8,1.2209010182642221e-05
1024,python,63.3,56.4,7.480184053886037e-06
3008,python,61.6,57.7,1.6917778606717912e-05
128,python,75.7,40.8,2.2510315221315132e-06
2048,node,84.4,49.1,1.6680557271026948e-05
3008,python,87.0,47.5,2.1667987946506577e-05
3008,node,4.6,29.5,9.013118202542441e-06
512,python,56.1,42.3,4.763629299540776e-06
128,python,22.4,4.7,1.11192665391724e-06
256,node,86.2,45.5,3.8469927331535454e-06
3008,java,65.2,57.7,4.1621728331120885e-05
3008,java,42.6,5.1,3.969015406404303e-05
1024,node,19.6,50.2,6.497648941100404e-06
128,python,34.6,56.0,1.430755934594378e-06
128,java,70.7,13.6,4.298728266992088e-06
512,java,21.2,31.5,1.0097107331751022e-05
1024,java,10.3,55.7,1.685182571179962e-05
128,java,88.9,57.6,4.8624812701436e-06
2048,java,76.7,7.7,3.4150663973554486e-05
1024,java,20.8,20.9,1.5844371017453088e-05
128,node,29.9,41.9,1.406582484516465e-06
128,node,97.2,13.3,2.0849652025695396e-06
512,python,71.1,19.5,5.052803949544896e-06
2048,python,61.4,1.4,1.1935489469303164e-05
2048,java,31.5,9.2,2.616514569663456e-05
512,java,30.6,33.7,1.0738773729828818e-05
256,java,4.9,39.2,6.277432167422525e-06
3008,python,73.1,38.9,1.9165633203744812e-05
512,node,5.3,46.7,3.166956263843355e-06
256,python,1.5,24.9,2.1998287289685476e-06
512,java,73.2,16.4,1.212426125220926e-05
128,python,94.9,0.9,2.095711183376852e-06
256,python,75.9,12.4,2.838233926645346e-06
1024,node,47.7,18.7,5.786542051813942e-06
3008,java,49.1,10.7,3.737020893502154e-05
2048,java,44.2,1.2,2.8278335473149537e-05
2048,python,33.1,9.4,9.326196250963146e-06
1024,python,52.6,40.0,7.174493573406815e-06
128,python,43.7,37.8,1.516906977860876e-06
512,python,60.2,56.1,4.604697353614875e-06
3008,node,89.9,47.9,1.8857828687334766e-05
128,python,99.5,34.1,2.102552180805855e-06
3008,python,8.8,8.3,8.814341835520646e-06
2048,node,39.1,33.8,9.537524081235502e-06
256,python,18.9,3.7,1.634303204309644e-06
2048,python,35.9,25.9,1.1142758117321603e-05
3008,python,29.5,23.4,1.428431829182227e-05
128,python,18.3,25.7,1.2493480203040223e-06
128,node,76.6,16.8,1.7013650691368737e-06
1024,java,50.1,41.1,1.889369924918943e-05
3008,java,92.0,50.5,4.334217519677997e-05
128,python,4.2,46.1,1.1683817371156903e-06
1024,python,7.6,37.7,6.287514202483787e-06
128,node,40.9,32.3,1.5806807712199482e-06
1024,node,8.9,1.9,4.228374130972657e-06
1024,java,27.0,43.4,1.8052045018571867e-05
128,java,98.6,32.7,4.532248502164033e-06
2048,node,21.7,16.2,9.302504869789164e-06
3008,python,20.6,19.7,1.2651380367704445e-05
3008,python,57.8,56.1,1.9418708910340782e-05
128,python,50.3,37.5,1.837241136921929e-06
256,python,58.5,28.6,2.9694164954443506e-06
256,java,38.3,37.3,6.692918603574937e-06
512,python,82.8,24.8,5.647588818290812e-06
128,java,14.7,28.2,3.7865855599255674e-06
3008,node,43.4,17.4,1.385781413876521e-05
2048,node,69.3,26.4,1.039652115739993e-05
2048,node,87.0,41.1,1.3562110331251795e-05
256,java,37.6,2.4,6.935367455423269e-06
128,python,57.2,47.7,1.8199221650976633e-06
3008,python,7.8,17.0,1.0256891160293122e-05
256,node,17.9,41.0,1.7665201195100682e-06
1024,node,7.8,38.6,4.913562151922556e-06
3008,node,73.1,39.2,1.5891474310413395e-05
128,java,29.5,36.5,4.027059991809643e-06
128,node,72.7,57.5,2.0924324391637595e-06
128,python,7.6,30.5,1.1294415205359559e-06
128,python,86.4,43.9,2.358361695018817e-06
128,java,83.7,42.3,4.8499621575209125e-06
2048,python,9.8,14.2,9.283363902764204e-06
1024,node,3.4,17.0,4.019588834850263e-06
3008,node,6.6,25.4,1.373216774550164e-05
2048,java,85.5,16.7,3.3131904407214496e-05
3008,java,24.2,22.0,3.6098091371543706e-05
256,node,55.3,23.5,2.3113881008179107e-06
256,python,43.2,36.2,2.7160430440441247e-06
3008,node,79.8,13.2,1.8288580279964327e-05
256,node,49.4,48.3,3.088092045776531e-06
128,python,50.6,26.3,1.9446301064838863e-06
2048,node,98.9,42.4,1.6021168201933374e-05
2048,python,15.9,4.9,6.895817150217956e-06
3008,node,83.2,28.2,1.8125159226137046e-05
3008,java,6.1,1.7,3.0872982412582754e-05
128,java,48.3,40.6,4.067233985890729e-06
2048,python,88.7,20.6,1.5073856066208196e-05
3008,java,66.9,57.0,4.27677057984806e-05
2048,python,68.8,19.4,1.41282112041154e-05
2048,node,27.1,33.8,9.525931404958378e-06
3008,python,42.4,15.4,1.4944593575260036e-05
512,python,37.3,37.2,3.881176255055825e-06
128,python,52.6,28.0,1.7327366141564294e-06
512,python,46.8,22.2,3.7278467434090178e-06
256,java,33.4,12.2,5.92574420901129e-06
128,python,31.2,6.7,1.490485751760684e-06
128,node,25.8,7.2,1.0036634780466396e-06
2048,java,37.1,59.9,3.0763649228446675e-05
1024,java,15.8,24.7,1.7149609090462394e-05
1024,java,87.3,0.1,1.8956970554177516e-05
2048,python,60.6,57.2,1.4653211295596015e-05
1024,java,14.2,1.2,1.5301472143508292e-05
1024,node,69.7,25.1,6.215242740042427e-06
128,python,84.9,43.0,2.232528096765012e-06
3008,node,24.5,54.9,1.1942600852758563e-05
512,java,15.9,42.8,1.0200919641820548e-05
128,node,1.9,27.8,1.2685361849155424e-06
2048,python,5.7,58.5,7.951935858859196e-06
2048,java,76.5,2.4,3.108881255445878e-05
128,java,98.7,59.2,4.840982739241666e-06
256,java,5.4,51.0,6.499311862199046e-06
128,java,75.1,55.7,4.74571862253423e-06
256,java,8.1,15.3,6.0783283451462975e-06
128,node,59.6,8.5,1.3757952393324319e-06
2048,python,75.9,39.8,1.371705396648418e-05
1024,node,36.6,31.0,6.5533643683875965e-06
3008,python,2.1,31.4,1.3258575640025456e-05
2048,node,59.9,55.5,1.305561003527776e-05
1024,node,99.1,37.2,8.62185236576232e-06
1024,java,26.5,18.7,1.7017795046204175e-05
128,python,19.8,24.0,1.7198312011461187e-06
128,python,13.3,8.0,1.1892988205343863e-06
1024,java,56.0,11.5,1.906158507494178e-05
128,python,60.0,8.6,1.6072789925291841e-06
128,node,79.4,48.6,1.980938813832109e-06
256,java,75.6,42.3,7.672597757069376e-06
3008,node,89.4,31.8,1.8841182176682968e-05
512,node,80.8,22.5,4.569114866385235e-06
2048,java,25.5,40.1,2.7189448263950146e-05
512,node,56.0,48.8,4.932676616268341e-06
256,java,30.4,52.9,7.062649399104137e-06
512,node,33.6,32.8,4.213225303688488e-06
128,python,93.3,49.2,2.627015460216833e-06
2048,node,68.5,30.7,1.2371316366651384e-05
256,python,97.5,28.5,3.616968566738532e-06
512,java,42.3,51.9,1.1888277694058122e-05
3008,node,54.2,23.2,1.5092370523255917e-05
1024,node,49.2,23.8,5.733464974942631e-06
512,node,11.6,18.3,2.266960506491644e-06
1024,node,24.4,31.1,5.66102558828135e-06
2048,python,53.2,32.7,1.2228579471359411e-05
256,python,7.7,39.6,2.0929212423064744e-06
1024,node,93.2,25.8,9.354864301408003e-06
3008,python,13.3,13.1,1.2039032060640873e-05
1024,java,20.6,52.0,1.82168863876967e-05
512,python,76.8,20.8,4.454484710377254e-06
128,java,10.6,55.4,3.9847989850278475e-06
256,node,90.1,12.4,3.264051228860429e-06
3008,node,72.8,33.6,1.445310440344696e-05
1024,python,7.8,32.2,4.924675304773959e-06
256,node,69.5,49.7,2.8384216332196257e-06
512,java,63.5,8.3,1.1326122700526719e-05
1024,python,76.0,54.6,1.0415708928611025e-05
1024,python,83.0,31.9,1.0461802154752715e-05
2048,node,72.1,35.2,1.1819066553497556e-05
256,python,59.0,30.6,3.120308463869261e-06
1024,python,32.9,2.2,6.239441834187786e-06
512,node,70.0,29.8,4.8254131634814595e-06
3008,node,95.7,15.8,1.8670746525222542e-05
128,node,59.2,20.6,1.6346988613514378e-06
128,java,66.8,38.9,4.767156454588689e-06
512,java,44.3,29.9,1.1508334511432177e-05
1024,python,75.9,5.6,7.392537513876022e-06
2048,node,99.8,4.4,1.455856418573964e-05
512,python,16.9,11.1,3.6220316133403887e-06
3008,python,21.0,11.5,1.215045101671235e-05
512,python,54.4,36.5,5.265379804841315e-06
128,node,48.7,10.7,1.4364645298499551e-06
128,java,57.6,52.9,4.510172639663408e-06
3008,java,5.9,12.6,3.33552044957237e-05
128,node,41.0,5.5,9.740190908984312e-07
3008,java,58.7,52.5,4.081226980793409e-05
256,python,58.9,17.7,2.6945155085565728e-06
128,java,66.1,25.5,4.233872332428143e-06
256,java,72.3,57.5,7.96117361522453e-06
1024,python,64.5,56.7,9.145035787665201e-06
512,node,79.2,42.9,5.138514599408336e-06
2048,java,62.9,4.1,2.9029045735117434e-05
1024,node,54.2,35.6,7.131467103667766e-06
512,java,61.0,59.3,1.243165739011197e-05
1024,java,11.0,56.8,1.642000378564223e-05
3008,node,28.0,6.4,1.0399312372815118e-05
512,python,53.2,23.8,4.924561362082179e-06
128,node,87.4,18.9,1.6065128882865251e-06
512,python,68.2,7.8,4.760958349959932e-06
3008,node,10.0,41.7,9.752153727662951e-06
256,node,59.6,16.4,2.514823972828643e-06
3008,node,23.0,20.7,9.915777953734116e-06
1024,python,73.7,5.4,8.077352844151214e-06
1024,python,82.9,29.9,1.0341889055438188e-05
256,java,59.8,9.5,6.824115224940753e-06
3008,python,59.5,25.9,1.69802090041931e-05
128,python,34.5,8.6,1.7348706896506466e-06
256,java,45.2,57.2,6.943145957633353e-06
512,python,86.5,8.7,6.107264361932707e-06
512,node,72.6,31.3,4.770785477854809e-06
512,python,52.5,11.8,5.092545383793635e-06
128,python,37.5,4.6,1.552125357616039e-06
256,node,6.0,12.1,1.5691164571788479e-06
128,node,15.2,3.3,9.632715649961916e-07
1024,python,20.1,8.4,4.965219733401499e-06
512,python,38.0,29.6,4.220167822533394e-06
1024,python,94.5,39.1,1.0466162906244551e-05
1024,node,51.0,5.2,6.0061234187168465e-06
2048,java,24.2,26.5,2.7069022966178758e-05
1024,python,11.5,34.9,5.444822914886725e-06
1024,python,34.5,14.1,6.904282412027174e-06
1024,node,81.8,22.3,8.796109492168807e-06
1024,node,39.0,4.3,4.943875343867759e-06
1024,python,77.5,13.2,7.925057638612505e-06
256,python,80.5,28.0,3.4645907937928205e-06
256,node,12.0,59.4,2.438760291185563e-06
2048,node,61.3,59.8,1.4059451446132613e-05
512,node,96.0,58.8,5.395946381951632e-06
1024,python,40.8,25.4,6.665842401886651e-06
256,java,6.0,4.8,5.6092202718611055e-06
512,node,92.4,19.4,5.085067574540144e-06
1024,node,88.5,14.3,9.183678021516468e-06
1024,python,52.7,0.8,5.874068008306516e-06
1024,java,55.7,5.7,1.6847293526801613e-05
512,java,22.0,27.2,9.988009545773443e-06
3008,python,82.1,20.4,1.9079657551686293e-05
1024,java,50.4,10.8,1.820247372446123e-05
2048,java,4.4,43.0,2.6939992285308135e-05
2048,python,68.6,21.4,1.4485826522392448e-05
1024,java,95.1,51.1,1.9857407637723106e-05
3008,python,83.1,14.5,2.014413552936097e-05
128,python,28.4,32.3,1.4434805353234783e-06
3008,python,6.3,11.0,1.1150369699069716e-05
3008,node,94.1,29.7,1.6793576891851543e-05
1024,node,93.8,9.1,8.253814557224248e-06
2048,node,53.7,9.7,1.0427182574677058e-05
1024,python,64.6,36.7,9.084991781616626e-06
256,python,46.8,15.8,2.214989110111625e-06
2048,java,42.6,10.3,2.8277634583090943e-05
256,java,12.8,55.8,6.181268194998489e-06
256,java,10.6,2.6,6.036515892250321e-06
1024,python,24.0,33.9,6.734570788509682e-06
3008,java,83.8,32.9,4.437587916418026e-05
512,java,15.4,15.0,9.72057980401582e-06
512,node,23.4,27.2,3.572049710208012e-06
128,python,55.3,5.3,1.859347352988702e-06
128,java,22.3,43.3,3.75577011698448e-06
128,node,17.2,13.3,1.1504278022234315e-06
128,python,56.8,11.6,1.850713735459284e-06
3008,python,37.4,18.9,1.3476468840900066e-05
3008,node,63.0,54.1,1.4944828274253826e-05
2048,python,91.3,47.8,1.7147365071522265e-05
128,python,15.9,56.8,1.302691267552658e-06
128,node,91.4,39.1,2.04424963534803e-06
256,java,90.3,39.8,7.762363164363368e-06
1024,python,83.1,28.8,9.51774110656552e-06
512,node,63.5,54.3,4.584928690823712e-06
512,java,62.4,30.7,1.1344804579497343e-05
256,java,64.3,21.3,7.128670429736339e-06
2048,java,69.4,38.4,3.265170594042798e-05
256,python,2.6,32.8,2.517015130204619e-06
128,java,95.9,7.4,4.425757665615234e-06
2048,java,59.0,23.6,3.0456365711238515e-05
3008,python,78.4,18.8,1.664860579983451e-05
128,node,38.4,50.8,1.6795412573261738e-06
512,node,2.2,22.7,2.085111599875052e-06
2048,node,51.5,49.3,1.0866476061719953e-05
2048,python,51.2,26.5,1.1368299005204028e-05
3008,java,44.3,45.2,3.8891939112400736e-05
512,java,34.6,8.1,1.0557076687216494e-05
512,node,25.7,55.5,3.896219992974329e-06
2048,java,53.2,28.8,2.9855764265578332e-05
128,node,38.2,15.6,1.1065941479824407e-06
256,java,97.0,14.5,7.843313869398902e-06
1024,node,18.1,15.9,4.6016428671340776e-06
2048,node,32.6,22.0,1.0218568227738713e-05
128,python,30.1,43.1,1.4639840450440454e-06
1024,node,54.8,57.0,6.428948026355519e-06
512,python,50.4,40.1,4.720817971384691e-06
1024,python,64.7,32.8,9.08791801158882e-06
3008,python,95.1,26.9,2.062190439559394e-05
128,java,29.2,49.7,4.098594206365051e-06
3008,python,69.6,51.0,1.7732041646693095e-05
512,java,3.5,17.6,1.0332615498362534e-05
2048,java,27.0,57.2,2.7766987500276173e-05
512,python,46.9,23.7,4.075807880236592e-06
256,node,4.1,48.0,1.9389454316682594e-06
2048,node,62.1,58.0,1.0808956429226986e-05
2048,node,68.2,42.2,1.4045797235660823e-05
128,java,74.9,9.7,4.526333294484149e-06
2048,node,52.1,35.2,1.2052338789821427e-05
2048,node,60.8,7.1,1.1246636688191671e-05
512,node,40.2,47.3,3.9520760897531815e-06
3008,java,5.1,16.9,3.1822333374262286e-05
1024,node,10.9,41.7,4.8275432815911465e-06
512,node,65.8,54.6,4.518641522122584e-06
128,java,99.6,10.9,4.798975463423362e-06
2048,java,2.6,23.6,2.6406972807833214e-05
256,java,56.2,38.8,7.489646309812635e-06
2048,java,75.3,25.2,3.191317831831602e-05
1024,node,82.9,10.5,8.354497424463993e-06
512,java,55.0,1.7,1.083056846510824e-05
128,python,62.4,24.4,1.7672371952222825e-06
2048,python,70.0,39.0,1.4547550651613393e-05
128,node,86.0,34.4,1.9217121819113653e-06
512,java,13.1,9.4,9.891743300319934e-06
3008,node,92.7,27.0,1.687388803661502e-05
3008,node,3.6,22.2,7.395825582745534e-06
3008,node,83.8,16.5,1.776880527299511e-05
3008,python,8.6,43.8,1.3355288200927367e-05
1024,node,20.3,18.6,4.154125221407848e-06
256,node,1.4,32.4,1.7657748677274834e-06
3008,node,45.1,55.4,1.4068527057571022e-05
2048,node,34.1,32.4,9.51690245745622e-06
3008,python,17.4,37.0,1.4688209683729676e-05
1024,java,45.7,4.4,1.7931125960092825e-05
128,node,40.8,10.7,1.4398714624572165e-06
1024,python,77.0,6.1,9.440561364195552e-06
512,node,89.4,45.9,5.221475417937801e-06
3008,node,65.6,50.2,1.5329608321134614e-05
512,python,13.3,11.2,2.8505766595098977e-06
256,python,30.2,13.2,2.2122273714488005e-06
128,python,91.4,19.4,1.7850596076510149e-06
3008,node,9.8,35.5,9.7182284092872e-06
2048,java,41.3,37.3,2.8645898266875173e-05
128,java,94.3,41.2,4.960954575316071e-06
512,node,95.1,54.3,5.959895651125885e-06
512,java,41.7,17.7,1.0543265769704913e-05
512,python,67.1,39.5,5.479666677620772e-06
3008,java,46.2,33.6,3.961503242035277e-05
128,node,75.6,18.4,1.6466560728014142e-06
256,java,4.1,54.4,6.153354547879336e-06
256,java,15.3,5.7,5.465392164659696e-06
256,node,61.8,42.7,2.563275966494594e-06
3008,python,24.0,43.7,1.2681451913734967e-05
3008,node,66.9,54.9,1.7227273200598757e-05
128,java,35.8,31.1,3.950509068433913e-06
1024,java,88.8,19.3,1.957906685341757e-05
256,java,82.1,49.7,7.400522855119884e-06
256,python,49.8,46.2,3.0035897929847416e-06
256,node,77.5,30.0,3.1236886059558092e-06
256,python,27.8,46.1,2.644486908064137e-06
512,java,49.9,16.1,1.1022851977136405e-05
3008,java,20.6,35.4,3.3771983585875405e-05
1024,python,86.2,51.9,9.362544665484047e-06
2048,node,82.5,19.1,1.2448535287294958e-05
512,java,90.3,29.0,1.2294295667284705e-05
128,java,87.9,57.1,4.868124721926539e-06
128,node,96.0,47.9,2.398135993705461e-06
256,python,23.6,53.2,2.7354521324579262e-06
256,java,93.3,23.1,7.420226376986203e-06
3008,java,57.6,59.8,4.214910138301368e-05
3008,node,42.8,9.2,1.3033895657526114e-05
3008,java,56.5,31.1,3.8407356116576454e-05
1024,python,34.9,28.8,7.19738341535825e-06
1024,node,29.6,47.9,5.9024130514959e-06
1024,python,24.9,54.5,5.8341419733456e-06
512,java,9.2,43.9,1.0377457726369607e-05
2048,java,50.2,37.6,3.020425353029922e-05
2048,java,88.9,25.6,3.2382584279178245e-05
2048,node,63.4,30.6,1.1766483511167394e-05
1024,python,52.6,30.6,7.0800703594984034e-06
128,python,43.4,1.2,1.5804462835633724e-06
2048,node,47.0,30.2,1.0409397544531845e-05
512,java,21.7,51.4,1.0760743832100091e-05
2048,python,82.5,42.6,1.5582613984528917e-05
1024,java,20.6,47.7,1.6455867770149907e-05
3008,python,71.9,23.4,1.648475537562183e-05
512,node,76.2,31.7,3.979942471728765e-06
3008,python,57.9,2.0,1.5922400798246972e-05
3008,node,86.4,23.0,1.5778223377202054e-05
256,node,29.8,28.5,2.1311155674234526e-06
512,python,88.3,15.3,5.669930435078905e-06
1024,node,73.2,1.9,7.442360020787816e-06
2048,java,80.1,41.4,3.125024835918115e-05
2048,java,66.8,26.1,3.0782575629630094e-05
3008,python,84.8,24.9,2.1565333633012254e-05
512,java,99.3,15.0,1.3224792575919697e-05
1024,java,42.6,32.3,1.8594804313946207e-05
512,java,81.6,26.3,1.2287411058144626e-05
3008,node,74.7,28.4,1.5116436324708601e-05
256,java,45.8,34.9,7.064047346178632e-06
1024,node,92.8,0.4,7.875886118778378e-06
128,python,40.0,54.5,1.8437478802915232e-06
3008,python,57.0,4.3,1.4245900188488099e-05
512,java,11.5,27.1,9.932593236779676e-06
512,python,23.4,12.4,3.54246801784975e-06
1024,node,84.2,31.4,8.494655315136154e-06
512,java,40.3,16.8,1.0934079863627978e-05
3008,python,40.0,51.6,1.5034270191053229e-05
1024,node,25.4,23.8,4.299964756159379e-06
1024,python,49.7,38.3,8.691478564613948e-06
128,node,80.8,14.9,2.1937864675321927e-06
128,python,89.6,1.2,2.0935246611072436e-06
512,java,7.9,24.2,9.307862404996829e-06
3008,python,57.9,32.2,1.562965055264746e-05
3008,java,47.3,27.6,3.910282158742001e-05
1024,java,61.8,57.7,2.042783463560435e-05
1024,java,45.3,42.4,1.7515714685963046e-05
512,java,40.5,59.7,1.1347424130381525e-05
256,python,47.7,17.7,2.700136125808123e-06
128,java,58.6,47.3,4.593064978505486e-06
512,node,50.6,33.3,3.981203069974203e-06
256,java,47.7,36.7,6.541168423533969e-06
256,java,82.0,59.2,7.9541919007348e-06
256,node,74.8,39.2,3.3365291730164752e-06
128,node,34.8,53.9,1.4849999087297208e-06
1024,python,80.3,43.5,9.53832788793495e-06
3008,python,85.5,7.6,1.7682819649065066e-05
2048,node,16.2,42.0,7.518884043571029e-06
512,java,58.7,29.1,1.1908289918552214e-05
512,node,29.2,55.1,3.959463923712516e-06
256,node,74.2,48.4,3.2509913301819448e-06
128,python,24.6,6.2,1.529306219731206e-06
1024,node,67.5,8.0,6.204438429443172e-06
1024,node,26.3,4.2,4.382608136608991e-06
128,java,51.6,29.6,4.297865951856879e-06
512,java,94.9,4.8,1.1997987262798708e-05
256,node,38.7,43.4,2.6064367927392893e-06
256,java,87.7,33.1,7.61213728874574e-06
2048,node,98.7,50.2,1.4394518829700297e-05
1024,java,87.6,16.8,1.9844092856157308e-05
1024,node,17.4,31.1,5.096650730524525e-06
2048,python,82.1,7.0,1.4739674413135315e-05
3008,node,4.2,53.1,1.0910085959859802e-05
2048,python,39.9,10.5,1.0938542637074867e-05
1024,python,87.2,6.1,8.893885818689912e-06
3008,java,69.2,12.3,3.9633672684344606e-05
512,java,53.7,48.4,1.1338205869767924e-05
3008,python,39.4,6.3,1.3793923311982397e-05
2048,java,81.4,36.9,3.211721919310928e-05
1024,python,71.2,44.8,9.974821080362653e-06
3008,python,47.4,45.1,1.819243454286879e-05
1024,java,89.4,11.4,2.0174821903564197e-05
2048,python,23.8,3.7,9.259138055340032e-06
256,java,17.9,26.9,6.25537787985659e-06
3008,java,64.6,12.1,3.76211832515875e-05
1024,python,97.2,42.0,9.932849926673484e-06
2048,python,25.5,21.4,9.817269115198865e-06
512,java,25.7,27.0,1.0534228383162848e-05
3008,node,14.8,6.8,9.688897187075558e-06
128,node,86.2,34.1,2.124676302737599e-06
128,node,23.4,11.1,1.007876241519305e-06
1024,node,50.8,40.7,6.437174668178181e-06
2048,java,99.1,4.3,3.416147060589608e-05
2048,node,2.2,58.6,8.806881128168994e-06
512,python,56.1,41.1,4.763029835898891e-06
1024,node,51.7,10.9,6.120296574374547e-06
1024,java,80.9,0.8,1.8999568516034155e-05
3008,python,36.2,20.1,1.3815566578083226e-05
1024,node,41.6,9.2,5.958876935184344e-06
512,java,17.6,13.1,1.1018090587245565e-05
3008,node,74.3,52.4,1.804215175970444e-05
128,python,78.7,36.2,2.203715169943754e-06
3008,python,14.5,10.6,8.57569772425513e-06
128,node,40.0,33.4,1.3628532937045154e-06
256,node,89.4,15.3,3.4126783102194436e-06
2048,java,1.3,58.6,2.7285095025251564e-05
2048,node,30.6,2.0,3.2250548958876764e-06
3008,java,55.9,43.9,4.113017243665948e-05
2048,python,34.1,46.4,1.3497554960572781e-05
1024,node,27.9,4.0,3.500103108478368e-06
512,python,46.5,10.3,4.779670053530375e-06
128,node,19.0,23.1,7.021932368794779e-07
128,python,53.4,52.1,2.0447170781440778e-06
256,node,71.0,32.2,2.9106410050668395e-06
128,node,58.0,39.3,1.3172950346180713e-06
1024,python,10.2,47.0,6.149514624766168e-06
2048,python,84.6,49.7,1.6904468213042857e-05
3008,node,18.3,28.6,1.106956534479313e-05
512,java,76.7,30.5,1.2304632322426596e-05
3008,python,36.7,43.1,1.446608761294385e-05
3008,node,78.5,15.8,1.3632795679220452e-05
3008,python,21.4,51.3,1.4841713151068481e-05
512,java,19.5,1.2,1.0570417941100014e-05
256,node,50.2,11.7,2.6109492419988387e-06
3008,java,4.3,48.0,3.207889760013321e-05
256,python,23.3,20.4,1.8311204623748045e-06
512,python,72.7,9.0,4.5929769032099385e-06
128,node,83.9,11.2,1.5736869262046075e-06
2048,node,9.0,31.8,7.487057735508656e-06
1024,java,88.3,50.8,2.0947876054858096e-05
128,java,80.0,4.2,4.233688596447483e-06
256,java,87.1,1.8,7.547807762961684e-06
1024,node,70.1,27.9,7.939058723019555e-06
1024,node,67.7,57.4,7.789248300921886e-06
2048,node,53.0,16.7,1.0211730468239745e-05
256,python,65.6,57.6,2.8748849847074813e-06
3008,node,92.0,53.3,1.9226269364992044e-05
512,node,11.0,17.0,2.6534558786392442e-06
2048,python,32.3,49.0,1.1562633080732521e-05
256,python,8.2,41.2,2.2192803898428566e-06
128,node,94.5,30.7,2.0971545392434283e-06
128,node,45.1,25.4,1.4101754651264274e-06
512,java,67.9,48.9,1.2192666709862022e-05
3008,node,84.3,47.6,1.9995023980294385e-05
128,java,99.1,45.4,4.904775388426519e-06
512,node,17.0,59.9,3.6277406914569183e-06
128,python,80.2,28.7,2.045191114752111e-06
3008,python,88.9,48.4,1.9961226805080495e-05
2048,java,5.8,51.7,2.750980436643336e-05
2048,node,75.7,12.7,1.1474444263552826e-05
2048,python,36.1,2.5,1.0223171960916193e-05
1024,node,65.2,24.3,7.219861408428809e-06
2048,java,51.9,51.4,3.0340969964139953e-05
128,node,26.7,17.3,1.1392240182919773e-06
3008,python,14.4,42.0,1.1900424083140774e-05
2048,python,12.6,0.4,6.025912600029876e-06
2048,java,11.2,21.3,2.6560313661347363e-05
512,java,64.1,36.9,1.1871149255392082e-05
2048,java,35.8,7.8,2.8511036147174702e-05
512,java,22.4,53.8,1.053427209845963e-05
128,python,69.5,9.4,2.131867536227129e-06
3008,python,69.0,54.6,1.8556896491434046e-05
256,python,54.4,13.0,2.51106509028104e-06
128,python,93.6,59.7,2.2564676546115007e-06
1024,java,39.2,36.3,1.670900866470914e-05
256,java,83.8,5.1,7.70583923114675e-06
3008,python,8.4,3.9,1.1907413033584932e-05
512,java,74.2,4.5,1.1834425956430847e-05
128,node,98.9,35.4,1.9975330703618417e-06
3008,python,84.8,48.6,2.3024069836384954e-05
1024,java,58.4,24.2,1.828934161083618e-05
256,java,63.0,26.7,7.0634030428293586e-06
2048,node,36.0,35.4,1.1329677902411505e-05
1024,java,68.3,32.0,1.9652325765117323e-05
128,node,77.3,41.3,2.261743013738286e-06
2048,java,99.8,28.3,3.389491257934816e-05
512,node,49.8,42.8,4.0794843353796115e-06
2048,java,7.1,59.8,2.6709432333001757e-05
3008,python,60.0,21.0,1.3735253816953417e-05
1024,python,12.8,0.7,4.638438165105068e-06
2048,java,25.2,7.5,2.7962797864179165e-05
256,python,33.5,33.2,2.6804066032390976e-06
256,python,73.4,20.7,3.1698205643907263e-06
512,java,19.2,56.4,1.0284098860501859e-05
3008,python,17.4,37.6,1.3032111675156346e-05
1024,node,5.5,31.2,5.061658372744146e-06
512,python,87.5,47.9,6.1701448135401345e-06
2048,python,69.7,15.5,1.3237401416686106e-05
3008,java,5.0,49.2,3.390300300739354e-05
3008,python,3.8,0.2,1.0501755525514321e-05
256,python,56.3,37.2,2.206767966835827e-06
2048,java,29.0,56.1,2.94131988109263e-05
1024,java,60.1,47.3,2.089917514825195e-05
512,python,44.0,51.2,4.089147463116001e-06
512,java,92.4,23.8,1.2345273745076748e-05
128,node,29.5,49.5,1.4086662602606839e-06
256,java,68.2,33.0,7.1730022356526265e-06
1024,python,6.4,37.1,6.102974231563568e-06
3008,java,95.6,3.5,4.2915176951027004e-05
3008,node,98.1,12.1,1.837370864268691e-05
256,java,74.2,33.1,7.603751764811114e-06
2048,node,47.1,3.5,9.39859743826194e-06
128,java,22.8,44.5,4.518465611665118e-06
2048,node,81.4,50.4,1.4240880474521862e-05
512,python,73.9,55.2,5.769370359443076e-06
512,java,23.0,6.1,9.332716986484933e-06
2048,java,45.7,56.4,2.977852528558979e-05
512,python,46.8,4.1,4.539158428867616e-06
2048,node,82.8,28.4,1.185053487357261e-05
1024,node,68.7,50.4,6.590382782933298e-06
3008,node,64.7,4.2,1.4232217869621268e-05
1024,java,65.3,1.1,1.9207860438465734e-05
256,java,27.8,1.5,6.23510302520067e-06
2048,python,37.8,30.7,1.072087534320774e-05
512,java,5.5,48.7,9.390222822737837e-06
1024,node,78.9,7.6,7.771350253349795e-06
128,java,43.9,7.5,4.156928419098722e-06
128,java,44.4,34.1,3.938405092782375e-06
1024,node,25.3,14.1,5.705656623061241e-06
256,node,21.7,43.8,2.283349218891246e-06
3008,node,59.2,57.0,1.8013202180834576e-05
3008,java,24.0,46.0,3.7715469278423935e-05
2048,node,7.4,52.6,8.857985329786565e-06
2048,python,77.0,31.2,1.4851828775799212e-05
1024,node,38.3,49.9,7.074331686273684e-06
128,python,38.6,11.0,1.2037741428782472e-06
512,node,43.7,4.1,2.844056622315812e-06
512,python,81.7,39.4,5.3828180761816795e-06
3008,python,32.8,3.1,1.2323330334531805e-05
256,java,76.0,53.5,7.730078749917273e-06
512,python,94.0,41.5,6.230341438495471e-06
512,node,66.4,57.1,5.434078676684254e-06
128,java,43.7,18.8,4.29739874126826e-06
128,java,75.0,29.2,4.4084046163243245e-06
512,node,46.3,44.5,4.260698691242517e-06
128,python,42.0,14.6,1.4151874092705946e-06
128,java,53.0,32.5,4.277364615779524e-06
512,java,32.5,39.6,1.097349160313815e-05
256,node,11.3,58.7,1.1728297848360366e-06
1024,python,42.1,44.7,8.994753051281344e-06
128,python,13.3,7.1,1.2559956105335118e-06
256,python,41.6,28.5,2.487377944360752e-06
512,python,56.1,35.3,5.627300242779255e-06
3008,java,93.1,8.8,4.176810811523274e-05
1024,python,4.6,25.9,5.132272812556338e-06
3008,python,62.5,17.0,1.57207649667546e-05
512,java,46.3,7.1,1.144680868476075e-05
512,java,3.0,30.7,9.755832945786943e-06
512,python,25.7,9.9,3.570347993020514e-06
3008,node,12.7,35.4,1.2029867018589318e-05
3008,node,22.5,10.2,1.0845496801711469e-05
3008,node,28.2,43.4,1.2313603610966852e-05
2048,java,40.7,11.7,2.9354193360647125e-05
1024,java,53.4,53.8,2.0705536212875804e-05
1024,java,1.1,1.6,1.530585208226805e-05
3008,python,17.0,31.3,1.249887217829861e-05
256,python,10.3,19.2,1.998373529154517e-06
512,node,55.4,13.5,4.503197392390731e-06
3008,python,33.6,28.3,1.3083063264724319e-05
512,node,55.3,50.5,4.416977268608526e-06
256,python,23.0,54.9,2.1457458245216993e-06
1024,java,3.4,18.2,1.4835592659321309e-05
256,python,94.2,9.3,3.320410477631094e-06
3008,python,11.7,43.2,1.2322309658905832e-05
3008,python,13.6,34.9,1.4663778332696605e-05
256,python,15.5,12.1,2.122358408634601e-06
1024,node,98.1,45.6,8.773061015191596e-06
3008,node,62.1,31.1,1.431684510627004e-05
2048,java,61.4,39.2,3.243740848102961e-05
256,python,98.7,21.6,3.937424542079706e-06
1024,node,9.8,26.3,4.498527187048955e-06
1024,node,97.5,10.8,8.182624620504034e-06
1024,node,21.2,45.4,6.27793998990181e-06
128,java,62.7,9.4,4.1304293487259915e-06
256,python,42.6,46.7,2.9271909597714675e-06
3008,node,39.0,47.9,1.7000388663246565e-05
256,java,93.2,44.8,7.925871975595568e-06
256,java,15.8,1.2,5.797907283559802e-06
256,node,99.7,16.4,3.4111663230271774e-06
256,node,38.5,28.1,2.140639364922306e-06
128,java,65.2,35.7,4.25121979307443e-06
512,node,96.8,55.2,6.168453451633201e-06
3008,java,6.7,22.5,3.538642996297801e-05
128,python,92.4,52.5,2.306954140151513e-06
256,node,57.2,9.8,2.3446867951428308e-06
128,python,70.7,22.3,1.7772700714600584e-06
1024,python,15.8,3.1,4.933604193346351e-06
256,node,53.8,44.5,2.562484190842321e-06
2048,python,67.7,9.0,1.1538095819819068e-05
1024,node,46.2,15.4,7.288747992774947e-06
2048,node,16.3,46.5,9.136810015396412e-06
1024,node,25.2,32.1,5.7754061206163765e-06
512,java,85.6,0.8,1.2243224093887687e-05
3008,java,4.4,0.1,3.3460710087968936e-05
512,node,71.2,30.6,4.544646302501845e-06
3008,python,99.9,18.3,2.084177687518576e-05
3008,java,1.7,10.8,3.22703998081643e-05
1024,python,16.9,36.8,6.226555239469549e-06
2048,node,67.7,13.7,1.184395714567162e-05
256,node,6.9,35.5,1.6345110325784949e-06
2048,python,59.4,22.8,1.1077239075707704e-05
2048,node,68.7,11.2,1.1609943983496667e-05
3008,python,59.2,8.3,1.530578670321154e-05
256,python,37.2,14.2,1.939883756332098e-06
2048,node,70.0,1.8,1.1725812825280125e-05
512,python,59.8,18.5,5.087207191986368e-06
256,java,21.6,54.1,7.243740297861109e-06
256,python,56.8,49.9,3.0278137691781458e-06
1024,node,88.3,22.3,7.947654324161326e-06
256,java,67.0,34.6,7.000715179815906e-06
128,python,47.7,34.0,1.7592768945789962e-06
512,java,32.8,49.7,1.1092526489009556e-05
1024,java,9.5,14.2,1.52887382432156e-05
256,java,25.2,17.8,6.286017181596585e-06
3008,python,2.1,18.1,7.240693110237215e-06
2048,java,98.7,2.5,3.3485477051931014e-05
1024,java,23.0,18.9,1.6109564988921815e-05
3008,java,81.7,52.7,4.332456410062912e-05
512,python,17.7,54.7,3.366147220113038e-06
128,java,29.1,6.6,3.7857989593025576e-06
128,python,42.4,27.5,1.5833212240889173e-06
3008,node,33.1,22.9,1.1807634722708402e-05
3008,node,80.0,29.4,1.783598694374948e-05
2048,node,95.8,33.3,1.610761191192178e-05
128,node,87.7,1.2,1.9208629171496425e-06
256,python,16.2,50.5,2.607675640246851e-06
128,node,77.9,58.4,2.251531559622802e-06
128,java,15.6,39.2,3.998579125374443e-06
256,node,91.4,39.6,3.361402525115285e-06
1024,python,52.3,31.7,8.244893163562244e-06
128,java,34.3,20.1,4.182757018601667e-06
3008,python,16.5,8.9,1.2012058649071219e-05
512,node,2.2,35.0,2.061020880817979e-06
256,node,25.5,2.7,1.5600959314180002e-06
1024,node,91.5,49.5,8.961268351260839e-06
2048,java,79.9,25.3,3.272987770540559e-05
256,node,97.0,24.9,3.331442763071714e-06
128,java,11.0,19.6,3.918148848986057e-06
128,python,59.6,58.2,2.2110142647152183e-06
3008,java,26.5,10.5,3.696179151060056e-05
128,node,54.8,9.1,1.6564984742830044e-06
1024,python,32.7,9.9,5.359897052523501e-06
512,python,29.1,39.5,4.265535721475591e-06
2048,java,57.8,59.5,3.082237242606788e-05
128,node,19.1,14.1,8.268073079430177e-07
3008,node,47.4,54.3,1.461130189678945e-05
2048,python,65.4,16.7,1.419701470979868e-05
512,node,13.7,38.9,3.260597588451859e-06
256,java,93.1,2.4,7.98117171913483e-06
3008,python,51.1,29.7,1.6119384101784785e-05
256,node,82.1,39.3,3.8096552022663292e-06
512,node,65.7,32.2,4.643265741192169e-06
512,java,71.3,14.3,1.1656649188056661e-05
256,python,71.9,49.7,3.08878399205448e-06
512,node,87.6,58.2,6.1007376627111014e-06
128,java,61.7,27.6,4.301615147337514e-06
128,python,28.5,38.2,1.4266931910146785e-06
256,java,10.9,47.4,6.662476732811449e-06
128,java,61.0,14.5,4.4751436857558885e-06
512,java,7.6,51.9,1.0729335980335308e-05
3008,node,24.9,16.8,1.011299678343832e-05
128,java,7.0,46.5,3.844164927440642e-06
128,java,55.3,6.7,4.17422055556304e-06
128,java,16.9,17.3,3.91826415369929e-06
1024,node,61.4,32.0,8.24100572641347e-06
256,node,79.3,31.5,3.1568384339741992e-06
512,node,82.4,51.0,6.18274803965672e-06
128,python,31.6,59.8,1.8290346530709632e-06
256,java,55.3,6.4,6.7341937378099036e-06
512,java,56.7,16.3,1.1570601336270745e-05
512,node,47.8,21.5,4.553898854769997e-06
1024,python,65.9,28.7,9.510069716596544e-06
2048,node,21.8,29.6,9.674579121048353e-06
512,node,97.9,51.4,5.867643710995752e-06
3008,node,10.7,46.2,1.0375844875062692e-05
